,BBCNewsTimes Stamp,BBCNewsTweet Text,BBCNewsCompound,BBCNewsPositive,BBCNewsNegative,BBCNewsNeutral,CBSNewsTimes Stamp,CBSNewsTweet Text,CBSNewsCompound,CBSNewsPositive,CBSNewsNegative,CBSNewsNeutral,CNNTimes Stamp,CNNTweet Text,CNNCompound,CNNPositive,CNNNegative,CNNNeutral,FoxNewsTimes Stamp,FoxNewsTweet Text,FoxNewsCompound,FoxNewsPositive,FoxNewsNegative,FoxNewsNeutral,YTTimes Stamp,YTTweet Text,YTCompound,YTPositive,YTNegative,YTNeutral
0,1/12/18 4:22,RT @samanthabbcnews: So @realDonaldTrump cancels his visit to the #UK - what will this mean for the special relationship between the US andâ€_,0.1335,0.109,0.088,0.804,1/12/18 4:20,"""Those words cannot affect me"": Haitians react to Pres. Trump's crude comment https://t.co/W2TKCis26w https://t.co/4biu14v5I6",-0.5719,0,0.222,0.778,1/12/18 4:16,The Trump administration's proposal to open vast portions of US coastline to oil drilling was met with ferocious opâ€_ https://t.co/e60n7hqiXz,-0.1027,0,0.069,0.931,1/12/18 4:15,".@NancyPelosi mocks 'white guys' leading DACA talks, prompting Hoyer anger https://t.co/qIF0Poi4fT",-0.7717,0,0.427,0.573,1/12/18 4:23,Messiâ€™s 2 Goals Help Barcelona Advance in Copa del Rey. https://t.co/talMLAUDae,0.4019,0.231,0,0.769
1,1/12/18 3:13,HMRC 'hit by Brexit and Paradise Papers' https://t.co/cQuE82MzER,0.6369,0.375,0,0.625,1/12/18 4:06,"""He's the reason why we stay positive through all this."" 6-year-old Ryland Ward, the last Sutherland Springs, Texasâ€_ https://t.co/sRvxRgvNvf",0.5574,0.167,0,0.833,1/12/18 4:11,"Ethiopia has banned the adoption of Ethiopian children by foreign families, according to the country's state-run Neâ€_ https://t.co/ghD6zh3DIG",-0.4588,0,0.15,0.85,1/12/18 4:05,Dr. Oz had to rescue a sick passenger on his flight https://t.co/dHkNPW0rAJ,0,0.212,0.212,0.577,1/12/18 4:21,"From Norway to Haiti, Trumpâ€™s Comments Stir Fresh Outrage. https://t.co/Sx9XHVXoPh",-0.25,0.169,0.243,0.588
2,1/12/18 2:57,Shahida Shahid's allergy death was 'terrible mistake' https://t.co/S3LZV14dLC,-0.8555,0,0.653,0.347,1/12/18 4:05,"""He's the reason why we stay positive through all this."" 6-year-old Ryland Ward, the last Sutherland Springs, Texasâ€_ https://t.co/czlqqgOQ2r",0.5574,0.167,0,0.833,1/12/18 4:08,New York Federal Reserve President William Dudley is worried new tax cuts could risk overheating the US economy inâ€_ https://t.co/ytOO2ArmnS,-0.6705,0,0.277,0.723,1/12/18 4:01,".@AnnCoulter on crimes committed by illegal immigrants: ""These killings going forward, if #Trump does not keep hisâ€_ https://t.co/8q1STgYW4U",-0.7906,0.083,0.321,0.595,1/12/18 3:57,Trump Is Expected to Stop Short of Reimposing Strict Sanctions on Iran. https://t.co/7ec8Bi2Yri,-0.296,0,0.155,0.845
3,1/12/18 1:47,BRCA gene mutation 'doesn't affect breast cancer survival' https://t.co/TJ1S1Fxdxz,0.5448,0.305,0,0.695,1/12/18 3:40,Handcuffed teacher in Louisiana says school board head should resign https://t.co/vmsQT4W7PB https://t.co/3qZBltNqlr,-0.34,0,0.179,0.821,1/12/18 4:07,"With the Pentagon's final report into the Niger ambush expected by the end of January, CNN is learning new detailsâ€_ https://t.co/DSWPAlCBrA",0,0,0,1,1/12/18 3:53,".@Michael_Wildes on @POTUS' comment on 's---hole countries': ""The dialogue has deteriorated. We have, unfortunatelyâ€_ https://t.co/JUCrpfEL9a",0,0,0,1,1/12/18 3:56,Trump Hates the Iran Deal but Wonâ€™t Kill It. Why?. https://t.co/oNeNY8K1sr,-0.8591,0,0.486,0.514
4,1/12/18 1:11,Government to hold pensions talks with Carillion https://t.co/c8NWcnMqh3,0,0,0,1,1/12/18 3:40,Coroner releases identities of 17 victims killed in Montecito mudslides https://t.co/sdHACDeVoJ https://t.co/v8LYGVKP5T,-0.7783,0,0.405,0.595,1/12/18 4:05,Fiat Chrysler Automobiles is feeling good about tax reform. So good that it says it's moving some of its truck prodâ€_ https://t.co/cvDEPY4uwQ,0.743,0.278,0,0.722,1/12/18 3:43,"Maryland historian pleads guilty to stealing hundreds of military dog tags, historic items, officials say https://t.co/imKkzhqG7X",-0.7579,0,0.317,0.683,1/12/18 3:52,"Editorial: Albany, Pass the Child Victims Act. https://t.co/pRQ8M5HiBd",-0.3182,0,0.247,0.753
5,1/12/18 1:01,"Rail strikes hit Northern, Greater Anglia, South Western and Merseyrail https://t.co/FPF97b4r0F",0,0.179,0.179,0.643,1/12/18 3:05,"After spending two months in the hospital, a six-year-old injured in the Sutherland Springs church shooting is giveâ€_ https://t.co/HNuPNqy3eI",-0.4019,0,0.137,0.863,1/12/18 4:02,Anderson Cooper: The people of Haiti have withstood more than our President ever has https://t.co/wOhJ8lPlhL https://t.co/IKQTqe2yCT,0,0,0,1,1/12/18 3:32,".@IngrahamAngle on immigration reform negotiations: ""I suggest that the 'great bipartisan working group' should shaâ€_ https://t.co/c5Y9kCUt5l",0.6249,0.215,0,0.785,1/12/18 3:24,A Wall St. Executiveâ€™s Downfall Seemed Sudden. It Was Years in the Making.. https://t.co/71KZPMkwvk,0,0,0,1
6,1/12/18 0:46,RT @BBCWorld: The Queen shares memories of her coronation and the perils of wearing the Imperial State Crown when she makes a rare appearanâ€_,0.296,0.091,0,0.909,1/12/18 3:00,"Murder charge for 2 men in fatal shooting of Wash. deputy, authorities say https://t.co/ujFZJdDkmd https://t.co/WxqWWwCqiN",-0.8481,0,0.406,0.594,1/12/18 3:56,Haitian-American GOP congresswoman demands President Trump apologize for his reported comments criticizing immigranâ€_ https://t.co/Bo0YRHFoRR,-0.2732,0.088,0.157,0.755,1/12/18 3:21,".@RepAndyBiggsAZ: Mr. #Trump, fund, start, and finish the wall before you tackle DACA, illegal immigration https://t.co/M1FaVEaXQI",-0.5574,0,0.194,0.806,1/12/18 3:22,"Kering to Spin Off Puma, Saying Goodbye to Sports Lifestyle. https://t.co/u9HWU7ebVv",0,0,0,1
7,1/12/18 0:04,BBC 'deeply unimpressed' over Carrie Gracie pay jokes https://t.co/JkNKXEjpFG,-0.2716,0.165,0.338,0.496,1/12/18 2:45,"Facing sexual misconduct allegations, James Franco says he has his own side of the story -- but the actor says he iâ€_ https://t.co/a3Ib0TE7p2",0,0,0,1,1/12/18 3:54,Google is doing away with Chrome's parental control program https://t.co/mD9E37zbSw https://t.co/hRptsE8OKf,0,0,0,1,1/12/18 3:08,"""You are the spirit of this nation in every sense."" â€”@VP Mike Pence thanked servicemembers during a visit toâ€_ https://t.co/jenGW8e8kr",0.5574,0.213,0,0.787,1/12/18 3:21,Breakingviews: Walmartâ€™s Minor Act of Redistribution. https://t.co/y207onRBTq,0,0,0,1
8,1/11/18 23:42,Watchdog to review Â£11bn UK roll-out of smart meters https://t.co/kAMsbFvpcW,0.4019,0.231,0,0.769,1/12/18 2:25,"""I pray to be cured"": Two sisters severely burned in Syrian conflict seek normalcy in Jordan https://t.co/xMr7FupWxb https://t.co/zoqfzCsTpM",-0.4588,0.102,0.235,0.664,1/12/18 3:53,What is Section 702 of FISA? Here's a closer look https://t.co/EBY1mCvHpD https://t.co/yACwynQxFX,0,0,0,1,1/12/18 2:57,"Christian persecution continues to rise, more incidents against women in 2017, new report says https://t.co/07nDetU64M",0,0,0,1,1/12/18 3:06,Timeâ€™s Up for James Franco?. https://t.co/84ccGU4n6f,0,0,0,1
9,1/11/18 22:59,"Friday's i: ""Patients dying in hospital corridors"" https://t.co/jBJqIR0Qgl #bbcpapers #tomorrowspaperstoday (via @hendopolis)",0,0,0,1,1/12/18 2:23,"Facebook to overhaul news feed to focus on friends and family, CEO Mark Zuckerberg says https://t.co/2aorROJRIq https://t.co/aIX5KfQXS8",0.4767,0.162,0,0.838,1/12/18 3:51,"The ""Fire and Fury"" publisher says 1.4 million copies have been ordered https://t.co/om3CU5bNhE https://t.co/0pGYBlxsaV",-0.7269,0,0.337,0.663,1/12/18 2:45,Red faces at NBC as star reporter @RonanFarrow splits for @HBO https://t.co/h18mjGs68N,0,0,0,1,1/12/18 2:52,Review: Surprise Lessons From John Lithgowâ€™s â€˜Stories by Heartâ€™. https://t.co/8sRTLA827b,0.2732,0.189,0,0.811
10,1/11/18 22:49,"Friday's Mail: ""Trump cancels visit to Britain"" https://t.co/jkE6VXwf9O #bbcpapers #tomorrowspaperstoday (via @hendopolis)",-0.2263,0,0.147,0.853,1/12/18 2:03,"""Why are we having all these people from sh*thole countries come here?"": Pres. Trump disparaged Haiti and African nâ€_ https://t.co/xiVHjZzkoR",-0.34,0,0.112,0.888,1/12/18 3:48,"President Donald Trump says he should be credited for firing former FBI Director James Comey because ""many things hâ€_ https://t.co/JLXFg6Jske",0.0258,0.109,0.105,0.786,1/12/18 2:34,".@JoeConchaTV on @POTUS' 's---hole' comments: ""This is how he speaks. He's inelegant, yes. He's unfiltered, yes. Buâ€_ https://t.co/0VXL09K7nK",0.6597,0.252,0,0.748,1/12/18 2:22,"Albany, Pass the Child Victims Act. https://t.co/zmp6mYmCie",-0.3182,0,0.277,0.723
11,1/11/18 22:45,"Friday's Mirror: ""Farage: I want 2nd referendum"" https://t.co/BVmQIiezAa #bbcpapers #tomorrowspaperstoday (via @hendopolis)",0.0772,0.115,0,0.885,1/12/18 1:45,"House Democratic Whip Steny Hoyer says he takes offense to House Minority Leader Nancy Pelosi's ""five white guys"" câ€_ https://t.co/9tRka437zH",-0.25,0,0.095,0.905,1/12/18 3:47,"Parents, take note: Google will begin phasing out a parental controls program on its Chrome browser this Friday https://t.co/wrPjGqyOYQ",0,0,0,1,1/12/18 2:20,LGBTQ groups silent after @chelseahandler's homophobic tweet to @LindseyGrahamSC https://t.co/z7lYJDVvZO,0,0,0,1,1/12/18 1:52,"Op-Ed Columnist: Dollars, Cents and Republican Sadism. https://t.co/TLOqJeTyoU",0,0,0,1
12,1/11/18 22:44,"Friday's Guardian: ""Hopes raised for second EU referendum"" https://t.co/ff76cFC0K6 #bbcpapers #tomorrowspaperstoday (via @hendopolis)",0.4215,0.189,0,0.811,1/12/18 1:25,"Facebook to overhauling news feed, prioritizing posts from family and friends, as opposed to ones from brands and pâ€_ https://t.co/vyYMAbnpLN",0.4767,0.14,0,0.86,1/12/18 3:30,"Anderson Cooper on Trump's ""shithole countries"" remark: ""The sentiment the President expressed today is a racist seâ€_ https://t.co/Zz5DVqZm1D",-0.6124,0,0.2,0.8,1/12/18 2:10,".@AlanDersh on #FISA: ""@POTUS has personally experienced this potential abuse so I understand his concern."" https://t.co/ELB4OJJ4Sn",-0.6369,0,0.231,0.769,1/12/18 1:51,Op-Ed Columnist: How Democracies Perish. https://t.co/X8zOYS7dlq,0,0,0,1
13,1/11/18 22:37,"Friday's Telegraph: ""Illegal migrants' accounts to be frozen"" https://t.co/tEO4UZ1j9p #bbcpapers #tomorrowspaperstoday (via @hendopolis)",-0.5574,0,0.231,0.769,1/12/18 1:05,"Baltimore man who shot ""patient dumping"" video, in which hospital staffers drop off a woman on a cold city street,â€_ https://t.co/C1hPh8e0Fm",-0.5267,0,0.206,0.794,1/12/18 3:28,"Former White House chief strategist Steve Bannon had ""very little"" to do with President Trump's election victory, Tâ€_ https://t.co/MnW1k5Esis",0,0,0,1,1/12/18 2:08,MUST-SEE: 7-Year-Old Girl Surprised at School by Dad Returning From Deployment https://t.co/lciLkbROyZ,0.2263,0.147,0,0.853,1/12/18 1:40,Trump Floats a Return to the Era of Earmarks. https://t.co/g5Ua0hHX9U,0,0,0,1
14,1/11/18 22:31,"Friday's Times: ""Merger threat to elite forces"" https://t.co/v7MjAXueVd #bbcpapers #tomorrowspaperstoday (via @hendopolis)",-0.5267,0,0.236,0.764,1/12/18 0:45,"As new images of harrowing rescues and escapes emerge from across Southern California, the cleanup continues in Monâ€_ https://t.co/2JVzTgpZQd",0.4215,0.183,0,0.817,1/12/18 3:14,".@donlemon on President Trump: ""He is a racist ... but it's more important to be strategic than outraged"" https://t.co/YhQrjiIOKr",-0.6819,0.106,0.291,0.603,1/12/18 1:56,.@girlscouts launch Cookies-4-Heroes program for Hurricane Harvey first responders https://t.co/Ev3JssbcNO,0,0,0,1,1/12/18 1:38,Op-Ed Contributor: Climate Change in My Backyard. https://t.co/Q0yQ11VOq8,0,0,0,1
15,1/11/18 22:27,"Friday's Express: ""Be ready for new EU vote"" https://t.co/c0DHFLje8R #bbcpapers #tomorrowspaperstoday (via @hendopolis)",0.3612,0.172,0,0.828,1/12/18 0:25,Prosecutor launches investigation after Missouri Gov. Eric Greitens admits to extramarital affairâ€_ https://t.co/fbzcKjzAUm,0.296,0.155,0,0.845,1/12/18 3:07,Pat Benatar answered sexism with sold-out arenas. The rock icon explains how she battled for equality standing centâ€_ https://t.co/2j5KMGmXYS,-0.296,0,0.109,0.891,1/12/18 1:46,"""There's a powerful contingent of speech police out there."" â€”@denisjfinley on why he was fired over a tweet criticiâ€_ https://t.co/rlYz2CEdwU",-0.2023,0.125,0.161,0.714,1/12/18 1:37,Op-Ed Contributor: Social Media Is Making Us Dumber. Hereâ€™s Exhibit A.. https://t.co/qnVunUVkNJ,-0.3612,0,0.185,0.815
16,1/11/18 22:24,"Friday's Star: ""Arctic blast to put Brits back in deep freeze"" https://t.co/oCrnJShEEk #bbcpapers #tomorrowspaperstoday (via @hendopolis)",0.0516,0.074,0,0.926,1/12/18 0:11,RT @CBSEveningNews: TN elementary school student Ben Casson said he knows the pain of being bullied and he knows the feeling of being leftâ€_,-0.7845,0.05,0.247,0.702,1/12/18 2:57,"""Right now you have got 800,000 wonderful young people you are living in incredible anxiety because they may lose tâ€_ https://t.co/BV1tJfKL0e",0.0772,0.142,0.169,0.69,1/12/18 1:32,".@KrisKobach1787: ""The DACA amnesty is bad for Americans. It's granting an amnesty to nearly a million people in thâ€_ https://t.co/o6rj6gvPxP",-0.296,0.101,0.154,0.746,1/12/18 1:36,Op-Ed Contributor: Trumpâ€™s Medicaid Work Requirement Will Backfire. https://t.co/ciKtJ3L4ZS,0,0,0,1
17,1/11/18 22:21,"Friday's Metro: ""Flu kills teenage student"" https://t.co/OyfRNpqLnb #bbcpapers #tomorrowspaperstoday (via @hendopolis)",-0.7269,0,0.404,0.596,1/12/18 0:10,"RT @CBSEveningNews: Here are the latest headlines from our CBS Evening Newsfeed and what's coming up nextStay tuned #CBSEveningNews httpsâ€_",0,0,0,1,1/12/18 2:55,President Trump told WSJ that he was not calling for Republicans in Congress to shut down investigations into possiâ€_ https://t.co/C2ijP5iEXk,0,0,0,1,1/12/18 1:22,"""If we've gotten to the point where we all have to pretend that every country is exactly as nice as every other couâ€_ https://t.co/RK1ZV1ztj3",0.34,0.107,0.053,0.84,1/12/18 1:25,Facebook Overhauls News Feed to Focus on What Friends and Family Share. https://t.co/WgKI6utGwy,0.6486,0.325,0,0.675
18,1/11/18 22:21,"Friday's FT: ""Big high-street stores feel chill of consumer spending freeze"" https://t.co/oymYUlkwaK #bbcpapersâ€_ https://t.co/f9g6AONpM1",0.0516,0.085,0,0.915,1/12/18 0:04,"Weeks after Vladimir Putin all but declared victory in Syria, main Russian military base in Syria attacked by a mysâ€_ https://t.co/OqDccs9OUV",-0.6124,0,0.174,0.826,1/12/18 2:38,A federal judge said he would look at the memos former FBI Director James Comey wrote about his interactions with Pâ€_ https://t.co/qkW0LP9hz1,0,0,0,1,1/12/18 1:10,".@JaniceDean on having MS, &amp; dealing with a viewer calling her out for wearing 'short skirts': ""Darn right, I'm proâ€_ https://t.co/rINP74czlv",0,0,0,1,1/12/18 1:20,"After Donald Trump Said It, How News Outlets Handled It. https://t.co/CGVgZ4uAnk",0,0,0,1
19,1/11/18 20:11,"RT @BBCNewsnight: TONIGHT: @maitlis speaks to @MichaelWolffNYC in his first UK television interview about ""Fire and Fury"" -  the book thatâ€_",-0.7269,0,0.253,0.747,1/12/18 0:04,Dozens of people gathered on a Texas highway for 6-year-old Ryland Ward's homecoming. The Sutherland Springs shootiâ€_ https://t.co/iMldspXPm9,0,0,0,1,1/12/18 2:34,".@ChrisCuomo ""What do you think about Oprah Winfrey running for President?"" @BernieSanders: ""Clearly, this is a vâ€_ https://t.co/z3mFBa12vd",0,0,0,1,1/12/18 0:50,".@PressSec: ""The only people that we've seen trying to influence the [Mueller] investigation are former director Coâ€_ https://t.co/8P42zjCb0T",0,0,0,1,1/12/18 1:10,Fact Check: These Claims About â€˜Chain Migrationâ€™ Are Not Accurate. https://t.co/F1IJtJgJ9Q,0,0,0,1
20,1/11/18 20:05,"S Club 7's Paul is selling his Brit Award on eBay because he's ""skint"" https://t.co/uhWeCaGm50",0.5423,0.212,0,0.788,1/11/18 23:58,@CBSNewsÂ A St. Louis prosecutor opened an investigation today into Missouri Gov. @EricGreitens. He admits he cheateâ€_ https://t.co/GNnxzfy9uV,0.296,0.121,0,0.879,1/12/18 2:27,"RT @OutFrontCNN: ""We all collectively should be a bit embarrassed...we all collectively should be a bit ashamed...we all collectively shoulâ€_",0,0,0,1,1/12/18 0:49,".@cvpayne: ""You cannot get around the fact that Americans are saying that this economy is on fire. Everyone admitsâ€_ https://t.co/Uf5kry4Do7",-0.34,0,0.112,0.888,1/12/18 0:39,About New York: Battling Climate Change from the Back Seat of an S.U.V.. https://t.co/C003vAAVUg,-0.2732,0,0.139,0.861
21,1/11/18 19:51,"RT @bbcideas: The daily battle against endless notifications, email alerts and screen time is on. Perhaps we all need to find some 'monk tiâ€_",-0.3818,0,0.102,0.898,1/11/18 23:53,"@CBSNewsÂ Weeks after Russian president Vladimir Putin declared victory in Syria, Russia's main military base in Syrâ€_ https://t.co/xIGVrBs7hY",0,0,0,1,1/12/18 2:23,"Chris Cuomo reacts to Trump's ""shithole countries"" remark: ""This is what he thinks of the places and the people thaâ€_ https://t.co/vgcio1GKfJ",0,0,0,1,1/12/18 0:40,.@DrOz had to rescue a sick passenger on his flight https://t.co/dHkNPW0rAJ,0,0.226,0.226,0.548,1/12/18 0:38,Op-Ed Contributors: John Kasich and Jeb Bush: A Bad Idea on Immigration. https://t.co/2K5ScRwEnY,-0.5423,0,0.241,0.759
22,1/11/18 19:27,Ex-BHS boss Dominic Chappell found guilty https://t.co/8COKNULdld,-0.4215,0,0.318,0.682,1/11/18 23:50,Congress is trying to reach a deal by the end of next week to extend the Obama-era DACA program. Nearly 100 immigraâ€_ https://t.co/GANz8lZYm4,0.2023,0.123,0,0.877,1/12/18 2:19,"""Let me be clear tonight. The people of Haiti have been through more... withstood more -- they've fought back againâ€_ https://t.co/3EVQNTVl4e",0.0094,0.108,0.106,0.786,1/12/18 0:28,#LGBTQ groups silent after @chelseahandler's homophobic tweet to @LindseyGrahamSC https://t.co/z7lYJDVvZO,0,0,0,1,1/12/18 0:37,Editorial: The Trump Plan to Hurt the Poor by Pretending to Help Them. https://t.co/WVl9Uvzopz,-0.5267,0.199,0.316,0.485
23,1/11/18 18:13,Murder arrests over Harbans Kaur Lally 1985 disappearance https://t.co/ktOUSOrSWv,-0.8225,0,0.521,0.479,1/11/18 23:47,@CBSNewsÂ A disturbing video showing hospital staffers in Baltimore dropping off a discharged patient on a cold cityâ€_ https://t.co/Tcp61LGzzS,-0.5106,0,0.18,0.82,1/12/18 1:55,"Ana Navarro on Trump's ""shithole countries"" remark: ""We cannot normalize the fact that Donald Trump has turned theâ€_ https://t.co/oVaNqqf47R",0,0,0,1,1/12/18 0:17,"California mudslide victims include founder of Catholic school, 'first lady' of luxury real estate https://t.co/QdxHwRg9HN",-0.3182,0,0.141,0.859,1/12/18 0:36,Editorsâ€™ Choice: 11 New Books We Recommend This Week. https://t.co/Va1gudFPnu,0.3612,0.217,0,0.783
24,1/11/18 17:41,RT @BBCPolitics: #Brexitcast is back! _Ÿ‡¬_Ÿ‡§_Ÿ‡ª_Ÿ‡º And @Nigel_Farage says he's come around to the idea of a second #Brexit referendum. The gang disâ€_,0,0,0,1,1/11/18 23:42,@CBSNewsÂ  The death toll stands tonight at 17 in the mudslides that hit Santa Barbara County. That number could risâ€_ https://t.co/mqNf4p3VL1,-0.5574,0.054,0.161,0.785,1/12/18 1:38,Senators are unclear on President Trump's comment about the opioid crisis https://t.co/IYg6eyl2dJ https://t.co/PeG7Kmobz1,-0.7269,0,0.357,0.643,1/12/18 0:09,"RT @FoxBusiness: Fiat Chrysler, citing tax cuts, plans $2,000 employee bonuses and 2,500 new jobs   https://t.co/HAXwAL8oXN",0.34,0.182,0.111,0.707,1/12/18 0:26,Trump Boasts of â€˜Very Good Relationshipâ€™ With North Korean Leader. https://t.co/z6JXQGLUs1,0.4404,0.225,0,0.775
25,1/11/18 17:25,RT @bbcweather: Warnings issued for FOG tonight. Details here: https://t.co/yIvmRR3OUK Jo https://t.co/rSmbRGVoVF,-0.296,0,0.167,0.833,1/11/18 23:39,@CBSNewsÂ A potentially dangerous storm is moving across the Midwest now and headed east. @ericfisher explains. https://t.co/4WaicYxmgJ,-0.4767,0,0.171,0.829,1/12/18 1:36,"RT @AC360: .@VanJones68 to former Trump advisor @JasonMillerinDC: ""You should denounce it ... Why won't you denounce s-hole nation?"" https:â€_",-0.5859,0,0.211,0.789,1/12/18 0:00,".@mschlapp on FISA: ""It would be a big mistake for us to not give [the intel community] the tools to stop terrorismâ€_ https://t.co/ffMXaGnRXU",-0.5574,0,0.187,0.813,1/12/18 0:25,"To Lift Paychecks, Treasury Urges Companies to Act Quickly on New Tax Law. https://t.co/OBCznsEj2J",0.2023,0.122,0,0.878
26,1/11/18 17:08,"""I can't be angry, I'm just upset"" - June Kenton, author of the book which has seen the Queen's bra fitter Rigby &amp;â€_ https://t.co/NtsXen5Gy1",0.0263,0.103,0.099,0.798,1/11/18 23:35,"Pres. Trump is being quoted as saying ""sh*thole countries,"" during a meeting about immigration. Those in attendanceâ€_ https://t.co/UJfrh1rOzC",0,0,0,1,1/12/18 1:23,"A person familiar with what was said at the meeting told CNN that Trump also said: ""Why do we need more Haitians? Tâ€_ https://t.co/M3r6nYGwPL",0,0,0,1,1/11/18 23:56,"RT @FoxNewsResearch: Largest #DACA Recipient Populations:â€”Total: 689,800â€”1) California: 197,900 (28.7%)2) Texas: 113,000 (16.4%)3) Illiâ€_",0,0,0,1,1/12/18 0:21,Battling Climate Change from the Back Seat of an S.U.V.. https://t.co/zM4vgYivY5,-0.2732,0,0.174,0.826
27,1/11/18 16:44,Theresa May defends 'long-term' plastic waste plan https://t.co/XekDdVx2yL,-0.4215,0,0.286,0.714,1/11/18 23:15,"Sam's Club is shutting down dozens of its stores nationwide, leaving some of its employees to learn about the closuâ€_ https://t.co/0unHpIFIlT",0,0,0,1,1/12/18 1:13,"""Not racial. Not racially charged. Racist. ... The sentiment the President expressed today is a racist sentiment.""â€_ https://t.co/WBbLnZPGxE",-0.8689,0,0.412,0.588,1/11/18 23:48,".@Judgenap: ""[I've] been railing against the FISA law since it was first enacted because it permits federal agentsâ€_ https://t.co/O4IWPbCHyP",0,0,0,1,1/12/18 0:10,"California, Walmart, Eric Greitens: Your Thursday Evening Briefing. https://t.co/UNlwMsxkPA",0,0,0,1
28,1/11/18 16:19,McVey urged to scrap tax credit 'rape clause' https://t.co/5yTJNEIk2b,-0.4767,0.182,0.329,0.49,1/11/18 22:58,"Days after boasting about the size of his ""nuclear button"" in response to North Korea's leader, Pres. Trump said thâ€_ https://t.co/vBa8PkbDbx",0,0,0,1,1/12/18 1:07,Issa Rae is unapologetically awkward and unbelievably funny. How the YouTube star turned HBO sensation is riding heâ€_ https://t.co/yD51cxjzLP,0.3804,0.147,0.073,0.78,1/11/18 23:41,#Trump administration eyes slashing funds to controversial @UN Palestinian agency https://t.co/4BNev6eBE1,-0.4404,0,0.302,0.698,1/12/18 0:07,Council Speaker Calls Police Response â€˜Out of Controlâ€™. https://t.co/HaJL7tyd6g,0,0,0,1
29,1/11/18 15:35,Nazanin Zaghari-Ratcliffe: Boris Johnson raises case at summit https://t.co/mwU87SX8xN,0,0,0,1,1/11/18 22:38,"Pres. Trump questions why U.S. welcomes people from ""sh*thole"" countries during Oval Office meetingâ€_ https://t.co/hLc4GO1DlY",0.4019,0.162,0,0.838,1/12/18 1:06,"Rep. Cedric Richmond, chairman of the Congressional Black Caucus, said President Trumpâ€™s remarks in the Oval Officeâ€_ https://t.co/54qIXu01F1",0,0,0,1,1/11/18 23:34,"RT @MikeEmanuelFox: Bipartisan Senate group reaches DACA, immigration agreement - deal or no deal? From #SpecialReport:https://t.co/781thâ€_",0.296,0.224,0.112,0.663,1/12/18 0:06,Metropolitan Diary: Meeting Coretta Scott King. https://t.co/N312jIM1Jz,0,0,0,1
30,1/11/18 15:35,John Worboys victims' plea to review rape claims https://t.co/yDlj8edsvW,-0.7906,0,0.5,0.5,1/11/18 22:36,"MORE: â€œCertain Washington politicians choose to fight for foreign countries, but President Trump will always fightâ€_ https://t.co/xq1iUTN0Gq",-0.2023,0,0.101,0.899,1/12/18 1:00,"Join Chris Cuomo and Sen. Bernie Sanders tonight on #CuomoPrimeTime, 9p ET https://t.co/bLNZkjKNVL",0.296,0.155,0,0.845,1/11/18 23:32,"The youngest survivor from last year's church shooting in Sutherland Springs, TX got a hero's send-off Thursday, asâ€_ https://t.co/UzHZtVAkqh",0.694,0.264,0,0.736,1/11/18 23:38,"Common Sense: Electric Vehicle Tax Credit Survives, but G.M. and Tesla Arenâ€™t Cheering. https://t.co/rcOX57JLSS",0.7391,0.342,0,0.658
31,1/11/18 14:54,Motorhead guitarist 'Fast' Eddie Clarke dies at 67 https://t.co/WlOFYlQvV8,0,0,0,1,1/11/18 22:32,MORE: â€œWhy do we want all these people from sh*thole countries here? We should bring in more people from places likâ€_ https://t.co/qTUkoHNj9y,0.0772,0.058,0,0.942,1/12/18 0:52,BJ's Wholesale Club has a message for employees who got laid off from Sam's Club: Come work for usâ€_ https://t.co/502K28CFe7,0,0,0,1,1/11/18 23:18,".@NancyPelosi mocks 'white guys' leading DACA talks, prompting @WhipHoyer anger https://t.co/IW73vZMDPx",-0.7717,0,0.427,0.573,1/11/18 23:37,Wheels: How Car Companies Decide Youâ€™ll Ride a Mustang or Catch a Tiguan. https://t.co/B9UG1ezpX7,0,0,0,1
32,1/11/18 14:51,Sharp rise in flu cases https://t.co/0S4rDYOB4a,-0.3818,0,0.342,0.658,1/11/18 22:28,"Growing frustrated in Oval Office meeting, Pres. Trump sharply criticizes protections for immigrants, a new Washingâ€_ https://t.co/7X6m4G6Swg",-0.6249,0.083,0.283,0.634,1/12/18 0:51,"Facebook says it's changing the News Feed to prioritize posts from friends, family members and groups over posts frâ€_ https://t.co/9MUrCk0tZ5",0.4767,0.14,0,0.86,1/11/18 23:09,".@johnrobertsFox reports on the @WhiteHouse response to @POTUS' â€œs---hole countriesâ€ù comment during immigration neâ€_ https://t.co/GoYXBHxfTX",0,0,0,1,1/11/18 23:36,"JosÃ© Molina, 81, Who Brought Spanish Dance to U.S. Audiences, Dies. https://t.co/30Ynq9P17z",0,0,0,1
33,1/11/18 14:49,"Are we suffering from a flu pandemic?  https://t.co/ljeCl1mget #nhs https://t.co/X8E5Ndkttr",-0.6908,0,0.449,0.551,1/11/18 22:19,"Wild Florida monkeys could pass herpes to people and should be considered a public health concern, researchers warnâ€_ https://t.co/pAOIgePRoy",0,0,0,1,1/12/18 0:41,"RT @OutFrontCNN: ""Don't backpedal""...""What did you say?""...""Let's get correct""...""You really need to stop being delusional""... Things got fâ€_",-0.3535,0,0.127,0.873,1/11/18 22:57,".@JesseBWatters on @POTUS' 's---hole' remarks ""This doesn't move the needle at all. This is who Trump is. He doesn'â€_ https://t.co/OaNeJh2jbL",0,0,0,1,1/11/18 23:35,Dropbox Is Said to Be Planning to Go Public This Year. https://t.co/akMeOMl8ws,0,0,0,1
34,1/11/18 14:34,RT @BBCLondonNews: London allotment death: Murder accused 'threatened to kill fellow plot holder' https://t.co/OQB5WwLWJN https://t.co/pc7xâ€_,-0.9612,0,0.649,0.351,1/11/18 21:46,Greta Gerwig and Jordan Peele earn Directors Guild nominations after being passed over for nods by both the Goldenâ€_ https://t.co/RVXI5k2G12,0,0,0,1,1/12/18 0:24,Sam's Club store closings are a PR mess on Walmart's big day https://t.co/OxtkUhTfM7 https://t.co/KIV069nNXC,-0.3612,0,0.172,0.828,1/11/18 22:45,#Trump laments immigration from 's---hole countries' in Oval Office negotiations https://t.co/Z8lagBViYe,-0.3612,0,0.2,0.8,1/11/18 23:27,"Pop, Rock and Jazz in NYC This Week. https://t.co/XpxSnoZekH",0,0,0,1
35,1/11/18 14:21,"Girl, 15, dies after car hits Huddersfield bus stop https://t.co/OARpQpXloy",-0.296,0,0.196,0.804,1/11/18 21:25,"Many kick off the new year vowing to nix stress from their lives. But for some, stress is just part of the job. Herâ€_ https://t.co/LcqH8RLu39",-0.6808,0,0.196,0.804,1/12/18 0:17,Several members of US Congress strongly rebuked President Donald Trump's reported comments criticizing immigrants câ€_ https://t.co/SqVe35Dh3s,-0.1027,0.113,0.134,0.753,1/11/18 22:40,".@dbongino: ""Nobody has pointed out one single predicate crime to point out why @realDonaldTrump's team was being sâ€_ https://t.co/cHI3OylaQu",-0.5423,0,0.163,0.837,1/11/18 23:26,Dance in NYC This Week. https://t.co/og9SAhLCKS,0,0,0,1
36,1/11/18 13:51,Iran nuclear deal: UK challenges US to find better alternative https://t.co/Tqz3lwfZZe,0.4939,0.318,0,0.682,1/11/18 21:05,"Watch the incredible moment a 4-year-old boy, who lost his hearing, hears and dances to drums for the first time. https://t.co/gBa7gvhlUT",-0.3182,0,0.108,0.892,1/12/18 0:09,"President Trump's ""shithole countries"" comment is his new rock bottom | Analysis by @CillizzaCNNâ€_ https://t.co/MBdvOXGiW0",0,0,0,1,1/11/18 22:28,.@POTUS administration opens door to allowing #Medicaid work requirements - via @brookefoxnews https://t.co/OwleStKy1a,0,0,0,1,1/11/18 23:25,Trump Alarms Lawmakers With Disparaging Words for Haiti and Africa. https://t.co/MOEJBTQOtA,-0.6486,0,0.371,0.629
37,1/11/18 13:51,"Men who drugged and prostituted girl, 14, are jailed https://t.co/mo7MI93XsK",-0.4939,0,0.262,0.738,1/11/18 20:47,"In wake of Hurricane Maria, 32 people have been slain in Puerto Rico in the first 11 days of the year -- double theâ€_ https://t.co/169FLaBchc",0,0,0,1,1/11/18 23:51,"CNN legal analyst Jeffrey Toobin on President Trump's ""shithole countries"" remark: ""The worst thing is, that's partâ€_ https://t.co/z0OuXLZPdj",-0.5574,0.069,0.19,0.741,1/11/18 22:12,.@ofctimallen 'overwhelmed' by fans' push to bring back 'Last Man Standing' after 'Roseanne' backlash (via @sashafb) https://t.co/JzKwKYX5cl,0,0,0,1,1/11/18 23:24,Comedy in NYC This Week. https://t.co/g3IfTGaNX4,0.3612,0.333,0,0.667
38,1/11/18 13:44,Queen's bra fitter Rigby &amp; Peller loses royal warrant https://t.co/NOj3Cngcma,-0.3182,0,0.204,0.796,1/11/18 20:30,"Riley, a 3-month-old Weimaraner pup, is Bostonâ€™s Museum of Fine Artâ€™s newest volunteer â€” and heâ€™s the only one whoâ€_ https://t.co/BkNOTWHQj4",0.2023,0.091,0,0.909,1/11/18 23:46,"CNN legal analyst Jeffrey Toobin on President Trump's ""shithole countries"" remark: ""The President has racist views.â€_ https://t.co/mllXibPqqv",-0.5423,0.073,0.195,0.732,1/11/18 22:05,.@dbongino on @NBC Plan to Show Super Bowl Anthem Kneelers: Time for @NFL to Tell Players to Stand! https://t.co/CUenTmscSz,0.636,0.189,0,0.811,1/11/18 23:22,Events for Children in NYC This Week. https://t.co/VpvKn1frD1,0,0,0,1
39,1/11/18 13:10,Who will be Prince Harry's best man for his wedding? His brother Prince William still doesn't know...â€_ https://t.co/9CBNIdwS6l,0.6369,0.198,0,0.802,1/11/18 20:15,"Reporter: ""The president's tweet this morning, in your view, was not at all confusing and not at all contradictory?â€_ https://t.co/kxelskHYgx",0.1695,0.081,0,0.919,1/11/18 23:39,Jared Kushner's effort to sway President Trump on prison reform is smart | By @VanJones68 via @CNNOpinionâ€_ https://t.co/4u6OIHEzhD,-0.1531,0.129,0.157,0.714,1/11/18 21:53,"Port Authority bomb suspect pleads 'at this moment, not guilty' https://t.co/qzQSxsAdMq",-0.4153,0.227,0.337,0.437,1/11/18 23:21,Film Series in NYC This Week. https://t.co/OXsPNKDMaF,0,0,0,1
40,1/11/18 13:06,"""I think they need whatever they demand, now, immediately"" - Labour leader Jeremy Corbyn responds to letter from 68â€_ https://t.co/ts81iRIZkq",-0.128,0,0.077,0.923,1/11/18 20:15,"""Luke, I am your...snow man?"" A Boston dad built and incredible life-size snow statue of Darth Vader for his 7-yearâ€_ https://t.co/Xnbq8mWQeF",0,0,0,1,1/11/18 23:23,"RT @CNNSitRoom: Senator Cardin responds: â€œThis is extremely damaging, and it is very, very, hurtfulâ€ù https://t.co/DNed8UOO8b https://t.co/zâ€_",-0.5563,0,0.183,0.817,1/11/18 21:53,"RT @FoxNewsResearch: Southwest Border &amp; Fencingâ€¢Texas - Mexicoâ†’Border: 1,254 milesâ†’Fencing: 133 milesâ€¢Arizona - Mexico: â†’Border: 373â€_",0,0,0,1,1/11/18 23:20,Whatâ€™s New in NYC Theater. https://t.co/cKZNJao8c0,0,0,0,1
41,1/11/18 12:47,Barry Bennell trial: Boy 'abused on the way to games' https://t.co/DkRbRs8Tqd,-0.5106,0,0.248,0.752,1/11/18 20:10,"""We will continue to be fully cooperative with the special counsel, as we have been,"" @PressSec Sarah Huckabee Sandâ€_ https://t.co/teYmDW5Cvo",0.4019,0.124,0,0.876,1/11/18 23:23,"Phil Mudd reacts to President Trump's ""shithole countries"" remark: ""We should be ashamed"" https://t.co/LQVKDsKJeT https://t.co/xQX38cKfyi",-0.4767,0,0.181,0.819,1/11/18 21:33,".@KatiePavlich: ""Parents of DACA recipients - they're here illegally, too, and the question is: do they get to stayâ€_ https://t.co/7FC4uScO9o",0,0,0,1,1/11/18 23:19,Art in NYC This Week. https://t.co/DdFKGF38cf,0,0,0,1
42,1/11/18 12:17,Ofcom to assess plans for new BBC Scotland channel https://t.co/7X0Q6XVldr,0,0,0,1,1/11/18 20:05,"""This is top of mind for the president, top of mind for the administration and he has full understanding,""â€_ https://t.co/bFsqRGFpCo",0.3818,0.167,0,0.833,1/11/18 23:18,Rep. Adam Schiff accused Republicans of blocking key witnesses in an effort to scuttle the House Russia inquiryâ€_ https://t.co/FA41fekc5m,-0.5859,0,0.22,0.78,1/11/18 21:25,".@KatiePavlich: ""Democrats are always accusing Republicans of not just being bad on policy, but of being bad peopleâ€_ https://t.co/haekneq3PA",0.6542,0.247,0.059,0.694,1/11/18 23:06,How Much Watching Time Do You Have This Weekend?. https://t.co/Zj7g95eLYr,0,0,0,1
43,1/11/18 12:09,Nigel Farage warming to second EU referendum https://t.co/S1NUSM9Egc,0.1531,0.186,0,0.814,1/11/18 20:01,".@PressSec on DACA: ""There has not been a deal reached yet. However, we still think we can get there and we are verâ€_ https://t.co/bcFKagl2sh",-0.0762,0,0.056,0.944,1/11/18 23:14,RT @TheLeadCNN: John Avalon reacts to President Trumpâ€™s â€˜shitholeâ€™ remark: â€œThis is straight up racist.â€ù https://t.co/TIQuMzzTiy https://t.â€_,0.2263,0.106,0,0.894,1/11/18 21:14,â€˜Buttless jeansâ€™ mocked after @ASOS debut https://t.co/IuFrmPORdo,-0.3182,0,0.277,0.723,1/11/18 23:05,Letter 40: Weâ€™ve Made it Home. https://t.co/eBDzIFS0Fu,0,0,0,1
44,1/11/18 12:05,"Girl, 15, dies after car hits Huddersfield bus stop https://t.co/8Vl3GZtUuV",-0.296,0,0.196,0.804,1/11/18 19:58,".@PressSec on President Trump's physical: ""[The doctor] will put out a brief statement, but will take the weekend tâ€_ https://t.co/Q2HBgLlAQY",0,0,0,1,1/11/18 23:08,"Cough and cold medicines containing opioid ingredients, such as codeine or hydrocodone, should no longer be given tâ€_ https://t.co/JlS5196lgX",-0.296,0,0.109,0.891,1/11/18 21:06,"RT @FoxBusiness: #BreakingNews: The Dow Jones Industrial Average, S&amp;P 500, and Nasdaq all closed the day at record highs. This is the 76thâ€_",0,0,0,1,1/11/18 22:53,Classical Music in NYC This Week. https://t.co/IbzKpLWjaq,0,0,0,1
45,1/11/18 11:50,RT @bbcweather: On this day in 1954: BBC's George Cowling became television's first weather presenter. Jo https://t.co/KiXumtw8sq,0,0,0,1,1/11/18 19:55,".@PressSec on President Trump's tweets on FISA: ""The president fully supports the 702 and was to see happy that itâ€_ https://t.co/dZnQ2Vd3NI",0.7574,0.255,0,0.745,1/11/18 23:07,"Her dress design changed everything. Diane von Furstenberg explains why her innovative wrap dress, which became a sâ€_ https://t.co/GcLQYeJgTu",0.4404,0.146,0,0.854,1/11/18 21:04,"ICE CAPADES: Imagine heading out to work in the morning, and finding your driveway completely iced over. Do you thiâ€_ https://t.co/JuG6AKedfR",0,0,0,1,1/11/18 22:52,Character Study: The Squeezebox Surgeon. https://t.co/Gd2JR4Bbzx,0,0,0,1
46,1/11/18 11:50,RT @BBCNewsGraphics: A&amp;Es in England miss wait targets by record margin. Check your hospital's performance https://t.co/23tUrc2Q9j https://â€_,-0.1531,0,0.091,0.909,1/11/18 19:52,"Reporter: What does the administration hope to achieve with additional sanctions on Iran?Mnuchin: ""I think  the prâ€_ https://t.co/7r0hiNMBE0",0.4404,0.139,0,0.861,1/11/18 22:53,"RT @CNNSitRoom: According to a White House official, staffers predict the Presidentâ€™s â€œshitholeâ€ù remark will resonate with his base, @kaitlâ€_",0,0,0,1,1/11/18 21:00,"On @foxandfriends, @Varneyco discussed @Walmart's announcement that it would give employees a $1,000 cash bonus inâ€_ https://t.co/efofnA20q5",0.5423,0.189,0,0.811,1/11/18 22:51,F.Y.I.: What are those tall kiosks that have replaced pay phones in New York?. https://t.co/YxCZBwav8S,-0.1027,0,0.091,0.909
47,1/11/18 11:11,"""We have put more funding into the NHS for these winter pressures, we have put more funding into the NHS overall""â€_ https://t.co/lSuW0cxoNE",-0.3182,0,0.099,0.901,1/11/18 19:49,"Treasury Secy. Mnuchin on states letting taxpayers deduct real estate taxes: ""I hope the states are more focused onâ€_ https://t.co/JMb8QqfqtY",0.7645,0.309,0,0.691,1/11/18 22:52,"President Trump expressed frustration behind closed doors with people coming to the US from ""shithole countries,"" aâ€_ https://t.co/GxEUC1cE1V",-0.4767,0,0.154,0.846,1/11/18 20:57,Senior Pentagon soldier to ISIS: Surrender or get beaten with entrenchment tool https://t.co/CQmspHQrkI,-0.4215,0,0.189,0.811,1/11/18 22:40,Trump Contradicts His Team. Then He Doesnâ€™t.. https://t.co/plq5GEiyTU,-0.34,0,0.255,0.745
48,1/11/18 11:11,RT @BBCNormanS: Theresa May blames increase in numbers suffering from flu this winter for pressure on NHS,-0.8074,0.092,0.426,0.482,1/11/18 19:45,"Treasury Secy. Mnuchin on NAFTA: ""We expect that will be renegotiated or we will pull out."" https://t.co/dBT1Ar96Nb https://t.co/nJ424OCELS",0.2023,0.096,0,0.904,1/11/18 22:47,A CNN source briefed on the Oval Office meeting confirms the President added that the US should get more people froâ€_ https://t.co/zPYZlIAMCC,0,0,0,1,1/11/18 20:50,".@LisaMarieBoothe: ""Democrats have absolutely lost touch with heartland and rural voters... They've focused on issuâ€_ https://t.co/uhZkTmV2td",0.0018,0.135,0.135,0.729,1/11/18 22:37,"Alan Bleviss, Veteran Voice-Over Artist, Is Dead at 76. https://t.co/TRf7X8b5Ua",-0.6486,0,0.323,0.677
49,1/11/18 11:05,RT @bbclaurak: PM says govt is taking action in â€˜here and nowâ€™ and that environment plan is â€˜inspiringâ€™,0,0,0,1,1/11/18 19:39,".@MajorCBS: When will taxpayers see a change in their paychecks?Treasury Secy. Mnuchin: ""We are encouraging companâ€_ https://t.co/g52CQurTGP",0.6369,0.257,0,0.743,1/11/18 22:41,"Butterflies and moths may be older than flowers, a new study suggests https://t.co/RnVVyff3GV https://t.co/znyQCOi7HO",0,0,0,1,1/11/18 20:45,.@RepMcSally's Blunt Message to Dems: A Clean DACA Bill 'Is Not Happening' https://t.co/K9x7KcTHYG https://t.co/8ndz2pQP3D,0.4019,0.184,0,0.816,1/11/18 22:36,Letters: â€˜Is Mr. Trump Nuts?â€™ Analyze This.. https://t.co/I9EvtJsjSx,0,0,0,1
50,1/11/18 11:00,"A Northern Forest to accompany Northern Powerhouse, PM @theresa_may describes a new community woodland for Cheshireâ€_ https://t.co/R3bfd50bB2",0,0,0,1,1/11/18 19:20,MOMENTS AGO: President Trump hosts a discuss on U.S. prison systems and reform at the White Houseâ€_ https://t.co/DUUUbmacGO,-0.5106,0,0.171,0.829,1/11/18 22:36,Here's a look at the companies giving out raises and bonuses because of tax reform https://t.co/xhaQ3EHbox https://t.co/E97ydqfvVQ,0.7184,0.3,0,0.7,1/11/18 20:40,Poll: 66% say the U.S. economy is excellent or good; @MariaBartiromo discusses. https://t.co/8A6pUamEZR,0.765,0.375,0,0.625,1/11/18 22:35,Plastics Pile Up as China Refuses to Take the Westâ€™s Recycling. https://t.co/sSRMi9B9Hp,0,0,0,1
51,1/11/18 10:52,RT @BBCNormanS: PM hails BBCs Blue Planet and Daily Mail for highlighting problem of plastic pollution,-0.4019,0,0.153,0.847,1/11/18 19:11,"RT @48hours: Aaron Hernandez's life played out in the headlines as a professional athlete, yet he led a secret life. You don't know the halâ€_",0.34,0.098,0,0.902,1/11/18 22:23,"President Trump signaled that he is willing, if necessary, to use the NAFTA negotiations to make good on his promisâ€_ https://t.co/k5eFXUd6fx",0.4404,0.127,0,0.873,1/11/18 20:36,".@Jim_Jordan: ""I voted against reauthorizing [FISA]."" https://t.co/yay3wiP7wT",0,0,0,1,1/11/18 22:24,Hockey Canada Gets â€˜Geography Lessonâ€™ in Forming Menâ€™s Olympic Team. https://t.co/Tim3i7cUzO,0,0,0,1
52,1/11/18 10:50,"Theresa May announces plans to ease plastic pollution -All avoidable plastic waste must be stopped by 2042 -Supâ€_ https://t.co/eYf0E9OIrZ",-0.296,0.108,0.203,0.69,1/11/18 19:05,"The White House's ban on cell phone use will go into effect January 16th, @PressSec confirms to CBS Newsâ€_ https://t.co/3cdwgvToOZ",-0.5574,0,0.159,0.841,1/11/18 22:15,"President Trump expressed frustration behind closed doors with people coming to the US from ""shithole countries,"" aâ€_ https://t.co/j8QykhmfSU",-0.4767,0,0.154,0.846,1/11/18 20:32,"Shock as woman, 39, pleads guilty to filming self in sex acts with pet dog, whipped cream https://t.co/VwFTAzp8kX",-0.6597,0,0.252,0.748,1/11/18 22:23,What are those tall kiosks that have replaced pay phones in New York?. https://t.co/71r9IRHqHl,-0.1027,0,0.097,0.903
53,1/11/18 10:50,Blackpool seafront derelict hotel blaze tackled by 60 firefighters https://t.co/UROwpLdBFQ,0,0,0,1,1/11/18 18:50,The ex-wife of an Idaho Republican state lawmaker who shot and killed himself this week says he was under investigaâ€_ https://t.co/em9ndQlYdU,-0.6705,0,0.184,0.816,1/11/18 22:12,Here's how to help the victims of the California mudslides https://t.co/iKyIzb4awz https://t.co/45A0j3i3V3,0.1027,0.18,0.153,0.667,1/11/18 20:26,U.S. slaps 'level 4' travel warning for 5 Mexican states. https://t.co/7M24mbOOlE https://t.co/oHeIFdsaLd,-0.34,0,0.194,0.806,1/11/18 22:22,"Exonerated, University of Rochester President Steps Down. https://t.co/PwZZ5RBB9g",0.4215,0.286,0,0.714
54,1/11/18 10:39,RT @bbclaurak: PM says 'conservatism and conservation are natural allies ',0.3612,0.217,0,0.783,1/11/18 18:35,"âœ… Get a flu shotâœ… Wash your hands oftenâœ… Avoid touching your faceHere are ways to prepare for this year's flu seâ€_ https://t.co/aCRPlZOQin",-0.7506,0,0.28,0.72,1/11/18 22:02,The White House would like to inform you the sky isn't blue | Analysis by @CillizzaCNN https://t.co/DapjkhdIyZ https://t.co/IfQn4mZIyS,0.3612,0.135,0,0.865,1/11/18 20:24,"Seal calls out Oprah Winfrey for hypocrisy, calls her 'part of the problem'https://t.co/Mdk8m5edxH",-0.4019,0,0.172,0.828,1/11/18 22:21,What Martin Luther King Jr. Meant to New York. https://t.co/Kpowfjc349,0,0,0,1
55,1/11/18 10:21,Two boys arrested over Mill Hill shop worker murder https://t.co/GdwiTiL5en,-0.8316,0,0.494,0.506,1/11/18 18:20,"""Fast Eddie"" Clarke, former guitarist for the British hard rock band Motorhead, has died at 67â€_ https://t.co/3tdT98ephH",-0.6124,0,0.25,0.75,1/11/18 21:51,The Carrier plant that President Trump pledged to save lays off another 215 workers https://t.co/p6qXKt1snE https://t.co/40J4VS15jZ,0.4939,0.176,0,0.824,1/11/18 20:22,".@PressSec on Iran nuke deal: ""The president still strongly believes this was one of the worst deals of all time.""â€_ https://t.co/diqsW0ZI5o",-0.4588,0.083,0.163,0.754,1/11/18 22:05,On Pro Football: Tom Bradyâ€™s Midlife Crisis. https://t.co/lMAdQSki5w,-0.6249,0,0.369,0.631
56,1/11/18 10:06,"Baby girl dead and boy, 5, critical after Newpound crash https://t.co/4aUl3cvMHm",-0.8519,0,0.538,0.462,1/11/18 18:00,"Kansas lawmaker quits his committee leadership jobs but keeps his seat after remarks about blacks' ""genetics""â€_ https://t.co/c4Kb9LJDzB",0,0,0,1,1/11/18 21:35,RT @TheLeadCNN: Trump again relied on â€œFox and Friendsâ€ù over his own FBI and CIA directors and national security adviser when it comes to nâ€_,0.34,0.091,0,0.909,1/11/18 20:19,".@Varneyco: ""Before we got the @Walmart announcement, 1,039,000 Americans were going to get a bonus. Now it's 2,039â€_ https://t.co/A9XK5SMAYh",0.5423,0.171,0,0.829,1/11/18 22:04,Director of New Contemporary Art Institute in Richmond Abruptly Steps Down. https://t.co/jEXnu3CGwI,0,0,0,1
57,1/11/18 9:34,Who will be best man at Harry and Meghan's wedding? https://t.co/3Y27MRRMMs,0.6369,0.296,0,0.704,1/11/18 17:50,South Carolina Gov. Henry McMaster is seeking an exemption from the Trump administration's proposed offshore drilliâ€_ https://t.co/p2jPMUtrdO,0,0,0,1,1/11/18 21:35,Michigan has been hit hard by a deadly hepatitis A outbreak that has spread from Southern California to states acroâ€_ https://t.co/32UI6vBpMh,-0.1027,0,0.072,0.928,1/11/18 20:18,".@JeffFlake and @SenTomCotton on possible ""DREAMers"" deal. https://t.co/yOBfHVfZRK",0,0,0,1,1/11/18 21:51,Design Review: A Building Boom to Last a Millennium. https://t.co/kLQb1oN2dP,0,0,0,1
58,1/11/18 8:58,"RT @BBCBreakfast: The possible impact of Brexit on London, Mayor @SadiqKhan publishes a series of reports predicting what might happen.  hâ€_",0,0,0,1,1/11/18 17:45,"Reporter: Do you think that President Trump is a ""very stable genius?""House Minority Leader Nancy Pelosi: ""I am moâ€_ https://t.co/Lu0duvZeUm",0.3597,0.116,0,0.884,1/11/18 21:25,"What the California mudslides did to Montecito, before and after https://t.co/C2OCHYolDv https://t.co/ba2u5x95vO",0,0,0,1,1/11/18 20:14,".@PressSec: ""The only people that we've seen trying to influence the [Mueller] investigation are former director Coâ€_ https://t.co/OMCPG9XRDd",0,0,0,1,1/11/18 21:50,A Restaurant Where the Bathroom Soap Complements the Meal. https://t.co/IuKNwPVhaO,0,0,0,1
59,1/11/18 8:56,London alone gains Â£4.6bn - with Sheffield the biggest beneficiary in proportion to its economy https://t.co/48nfowsFbM,0.5423,0.282,0.103,0.615,1/11/18 17:41,"""Over 15,000 already have lost protections because of what the president did to lift the DACA executive order. So,â€_ https://t.co/JBYudOsJdu",-0.3182,0,0.108,0.892,1/11/18 21:11,"The ingredients for life have been found in two 4.5-billion-year-old meteorites that crashed to Earth in 1998, reseâ€_ https://t.co/hgE7ps1UNG",0,0,0,1,1/11/18 20:03,"MUST-SEE: 7-Year-Old Girl Surprised at School by Dad Returning From Deploymenthttps://t.co/xv5KFo6b6S",0.2263,0.147,0,0.853,1/11/18 21:41,"Criticâ€™s Notebook: Back in the Bronx: Gordon Matta-Clark, Rogue Sculptor. https://t.co/BTSewC8rmR",0,0,0,1
60,1/11/18 8:25,Woman charged over garden body find https://t.co/pZ8ZFLMdTk,-0.2023,0,0.231,0.769,1/11/18 17:37,"""I think people of goodwill are coming together on both sides, both houses of Congress, to get the job done,"" Houseâ€_ https://t.co/k2LnqBYpZ9",0,0,0,1,1/11/18 21:07,Lunching with Betty White is just as entertaining as you might imagine. The comedy queen dishes on her eight decadeâ€_ https://t.co/HivLjKYyOi,0.6597,0.221,0,0.779,1/11/18 20:02,".@PressSec on immigration reform negotiations: ""There has not been a deal reached yet, however we still think we caâ€_ https://t.co/FocEIdaVCr",-0.0762,0,0.067,0.933,1/11/18 21:40,Gardner Museum Extends $10 Million Reward for Information in Art Heist. https://t.co/4IbKXRaW2s,0.6369,0.342,0,0.658
61,1/11/18 8:23,Boris Johnson to raise case of British-Iranian mother jailed in Tehran at Brussels summit https://t.co/OS1erQl39f,-0.4939,0,0.186,0.814,1/11/18 17:35,Bitcoin and etherium tumble after South Korea says it is weighing a trading ban https://t.co/pqDnZfTkTv https://t.co/hAdwcLeUnH,-0.5574,0,0.205,0.795,1/11/18 21:05,"President Trumpâ€™s allies are warning him not to sit for an interview with special counsel Robert Mueller, but Trumpâ€_ https://t.co/uZzNr3jH5S",0.0387,0.086,0.079,0.835,1/11/18 19:54,".@stevenmnuchin1 on trip to Davos summit: ""This is all about creating jobs, creating economic growth for the U.S.""â€_ https://t.co/STfPulNhrX",0.7184,0.304,0,0.696,1/11/18 21:36,Romeâ€™s Famous Christmas Tree to Be Reborn as a Baby Nursing Station. https://t.co/qeF7nG3iam,0,0,0,1
62,1/11/18 8:08,"RT @BBCStreeter: As the UK vows to eliminate plastic waste by 2042, we want to know on #BBCBizLive if you think a pledge will work or whethâ€_",-0.3612,0.046,0.1,0.854,1/11/18 17:29,WATCH LIVE: House Minority Leader Nancy Pelosi holds news conference after House passes FISA reauthorizationâ€_ https://t.co/LugN73eULP,0,0,0,1,1/11/18 21:01,"New concepts such as Robomart -- an on-demand, electric, self-driving store -- could someday automate food deliveriâ€_ https://t.co/G0mq0UzHmf",0,0,0,1,1/11/18 19:48,".@stevenmnuchin1 on Iran sanctions: ""You can expect there will be more sanctions coming."" https://t.co/OFLgFhVWTp",0,0,0,1,1/11/18 21:35,Another Brooklyn Murder Conviction Linked to Scarcella Is Reversed. https://t.co/8yevOfDqnC,-0.6908,0,0.343,0.657
63,1/11/18 7:26,M&amp;S and Tesco report mixed fortunes over Christmas https://t.co/4N2otrz0Zs,0,0,0,1,1/11/18 17:20,This is what it looks like when a cold front blows through Texas: https://t.co/sjbrfkXYc2,0.3612,0.172,0,0.828,1/11/18 20:56,White House press secretary Sarah Sanders says President Trump's morning tweets about FISA were not contradictoryâ€_ https://t.co/YQ0SILMJXX,0,0,0,1,1/11/18 19:40,".@stevenmnuchin1 on tax cut act: ""This historic legislation doubles the standard deduction, simplifies the filing pâ€_ https://t.co/PHP8ZYyPun",-0.2732,0,0.116,0.884,1/11/18 21:31,Ronan Farrow to Develop an Investigative Series for HBO. https://t.co/ddQ6hZaMZV,0,0,0,1
64,1/11/18 7:26,"Hospitals have run out of beds and can no longer cope, NHS bosses warn https://t.co/XAwCpyyeHj",-0.3818,0,0.217,0.783,1/11/18 17:07,Reporter: DoesÂ it surprise you that President Trump doesn't seem to be aware of hisÂ White Houseâ€™s position on FISA?â€_ https://t.co/wXqePAAZqf,0.2732,0.095,0,0.905,1/11/18 20:51,MoneyGram is testing a pilot program with one of the most popular cryptocurrencies https://t.co/ZpcaPAsRFk https://t.co/At10j6hplQ,0.4754,0.192,0,0.808,1/11/18 19:35,".@stevenmnuchin1: ""Workers and their families will receive larger paychecks starting in February.""â€_ https://t.co/Rih07dVKje",0,0,0,1,1/11/18 21:30,"Cherokee Canâ€™t Sue Opioid Distributors in Tribal Court, Judge Rules. https://t.co/rGMQIu6ly5",0,0,0,1
65,1/11/18 7:03,"Your morning briefing: Hospitals â€˜running out of bedsâ€™, May: Letâ€™s end plastic litter, California mudslide searchesâ€_ https://t.co/k2aVv99Y7m",0,0,0,1,1/11/18 17:03,"""It is well-known that he has concerns over the domestic FISA law. That's not what we're doing today,"" House Speakeâ€_ https://t.co/Btf8Xdr7yd",0,0,0,1,1/11/18 20:46,A cache of jewels reported stolen from Paris' famed Ritz hotel may have been found -- at the sceneâ€_ https://t.co/KNduBErOt4,-0.0516,0.129,0.138,0.733,1/11/18 19:31,.@stevenmnuchin1: 90% of workers will see an increase in take-home pay due to tax reform. https://t.co/9Tyv3GD18j,0.2263,0.13,0.079,0.791,1/11/18 21:29,"Baltimore Hospital Patient Discharged at Bus Stop, Stumbling and Cold. https://t.co/0mfzaqD9PM",-0.296,0,0.18,0.82
66,1/11/18 6:07,"RT @BBCNewsbeat: YouTube has cut business ties with Logan Paul over his Japan suicide video:https://t.co/uncjd0laob https://t.co/0G8JNGlOâ€_",-0.765,0,0.306,0.694,1/11/18 17:01,"""Iâ€™ll defer to the White House on all those questions. That pertains to them, not this branch,"" House Speaker Paulâ€_ https://t.co/sjyaoSpqZS",-0.296,0,0.099,0.901,1/11/18 20:41,"Sam's Club has shut down multiple locations, and some employees and customers say they did so without warningâ€_ https://t.co/brEwdTnLyp",0,0,0,1,1/11/18 19:24,MOMENTS AGO: @POTUS and @GovMattBevin speak on #prisonreform at the @WhiteHouse. https://t.co/KXembnH2WF,0,0,0,1,1/11/18 21:26,Investigate an Accused Ally? New York Senateâ€™s Republican Leader Says No. https://t.co/LdIWo3HPKA,-0.5267,0,0.306,0.694
67,1/11/18 2:05,Nazanin Zaghari-Ratcliffe: Boris Johnson to raise case at summit https://t.co/N5kfUwCUqI,0,0,0,1,1/11/18 16:55,"WATCH LIVE: House Speaker Paul Ryan speaks to reporters, shortly after House passes FISA Act reauthorizationâ€_ https://t.co/j3goCot4J7",0,0,0,1,1/11/18 20:36,Scientists have discovered a species of dinosaur that was roughly the size of a turkey and roamed between Australiaâ€_ https://t.co/vQtQ49PM50,0,0,0,1,1/11/18 19:23,Senior Pentagon soldier to ISIS: Surrender or get beaten with entrenchment tool - via @luciasuarezsang https://t.co/f4NIJaKO2z,-0.4215,0,0.167,0.833,1/11/18 21:23,Op-Ed Contributor: Why Malaysiaâ€™s Opposition Picked an Old Foe as Its New Leader. https://t.co/n7Wzt34Z0R,-0.4404,0,0.182,0.818
68,1/11/18 1:47,"Kia Gott: Meningitis C girl to return home in April, parents are told https://t.co/Ac4kCem2P4",-0.6369,0,0.259,0.741,1/11/18 16:52,"JUST IN: House votes to reauthorize FISA Act, 256-164, after President Trump slammed the surveillance program and tâ€_ https://t.co/iUBRyLJYT8",0,0,0,1,1/11/18 20:35,Steve Bannon has retained a top Washington lawyer to represent him in his closed-door interview with the House Inteâ€_ https://t.co/miE0mkM1vu,0.2263,0.146,0,0.854,1/11/18 19:19,".@POTUS: ""We'll be very tough on crime but we will provide a ladder of opportunity for the future."" #prisonreform https://t.co/pa9TIRiUwl",0.2315,0.158,0.161,0.681,1/11/18 21:22,Letter: Trumpâ€™s Offshore Drilling Plan. https://t.co/NB1Jo7qUrf,0,0,0,1
69,1/11/18 0:59,Overseas students 'significant benefit' to UK economy https://t.co/WFZc7arMDc,0.5859,0.444,0,0.556,1/11/18 16:50,Walmart is raising its starting wages for U.S. store workers and offering some employees bonuses following the GOPâ€_ https://t.co/BNxLXVAlUS,0.5574,0.167,0,0.833,1/11/18 20:28,"White House press secretary Sarah Sanders on libel laws: ""I think certainly states should take a look""â€_ https://t.co/T54G6WbFNn",0.34,0.13,0,0.87,1/11/18 19:14,"Attorney for man allegedly threatened by Spitzer vows to file complaint, lawsuit - via @brookefoxnewshttps://t.co/UV9A0dsTe7",-0.7269,0,0.372,0.628,1/11/18 21:21,5 Shows to See if Youâ€™re in New York in January. https://t.co/B80H2q02g3,0,0,0,1
70,1/11/18 0:54,"We've run out of beds, warn hospital bosses https://t.co/NRXx8cLvk6",-0.1027,0,0.149,0.851,1/11/18 16:35,"5 states in Mexico get highest ""do not travel"" warning under new U.S. State Department system:â€_ https://t.co/fUx046PZDz",0.2584,0.12,0,0.88,1/11/18 20:21,Demand for a drug that protects against radiation poisoning spiked after US President Donald Trump's Twitter battleâ€_ https://t.co/zxdKgtBWBV,-0.4588,0.106,0.245,0.648,1/11/18 19:12,"COMING UP: @WhiteHouse press briefing with @PressSec - for full live coverage, tune in to Fox News Channel! https://t.co/9gjyHpl81D",0,0,0,1,1/11/18 21:20,Investigate an Accused Ally? New York Senateâ€™s Republican Leader Says No. https://t.co/slBT8w0DBT,-0.5267,0,0.306,0.694
71,1/11/18 0:54,Brexit: May to meet UK financial services chiefs https://t.co/hJohWuvstv,0,0,0,1,1/11/18 16:16,"These terrifying beasts aren't aliens on Earth -- they're viper dogfish sharks, appropriately named for the snake-lâ€_ https://t.co/IZxMov7y5C",-0.5719,0,0.179,0.821,1/11/18 20:17,White House press secretary Sarah Sanders on President Trumpâ€™s tweets about FISA: This issue is top of mind for theâ€_ https://t.co/3I8i0RcBTX,0.2023,0.083,0,0.917,1/11/18 19:03,Poll: 49% give @BarackObama credit for booming economy. https://t.co/aUC478fu5c,0.3818,0.245,0,0.755,1/11/18 21:17,Streaming: A Brief History of American Independent Film: â€˜Split Screenâ€™ on FilmStruck. https://t.co/hfiTyaZqQm,0,0,0,1
72,1/10/18 22:52,Lords vote for second Leveson probe into press conduct https://t.co/cfW7HdYpJa,0,0,0,1,1/11/18 15:59,"At least 8 people are missing and 17 are confirmed dead in devastating Southern California mudslides, officials sayâ€_ https://t.co/1qCAZfjXav",-0.8957,0,0.419,0.581,1/11/18 20:11,Donald Trump's early-morning missives may have launched Washington into 101 minutes of chaos; White House chief ofâ€_ https://t.co/fQNA1EZMFZ,-0.4939,0.071,0.175,0.755,1/11/18 18:56,'Big Brother' contestant's daughter dead in apparent suicide amid recent string of teen deaths in Ohio town https://t.co/g6BWsSWhZX,-0.8689,0,0.355,0.645,1/11/18 21:11,Fighting Rages in Syriaâ€™s Last Major Insurgent Stronghold. https://t.co/wb3xxCANuf,-0.6249,0.115,0.427,0.458
73,1/10/18 22:46,"Thursday's Mail: ""May: I'll end the plastic scourge"" (via @AllieHBNews) #bbcpapers #tomorrowspaperstoday https://t.co/70KQqSGIUU",0,0,0,1,1/11/18 15:56,"""You pass the Amash amendment and defeat this underlying bill, we go back to those days where we are flying blind oâ€_ https://t.co/6x4vrB4HZL",-0.6908,0,0.213,0.787,1/11/18 20:01,Reports last month that the Trump administration banned officials at the CDC from using seven words may have been oâ€_ https://t.co/u95KKJUgku,-0.4588,0,0.13,0.87,1/11/18 18:49,".@KatiePavlich: ""If you look at it from the administration's perspective and @TheJusticeDept's perspective, they waâ€_ https://t.co/hhSSn95meR",0,0,0,1,1/11/18 21:10,Former Aid Chief at Columbia Is Accused of Taking Kickbacks. https://t.co/lmiq7nBcW6,-0.296,0,0.18,0.82
74,1/10/18 22:45,"Thursday's Sun: ""Now M25 rapist could go free"" (via @AllieHBNews) #bbcpapers #tomorrowspaperstoday https://t.co/H6oNdjLHwC",-0.3818,0.172,0.255,0.573,1/11/18 15:53,"""We have been working been working with the Senate and the White House to get this right -- to add even more privacâ€_ https://t.co/UJ5xfWYeB3",0,0,0,1,1/11/18 19:51,WikiLeaks founder Julian Assange has been granted Ecuadorian citizenship https://t.co/uMOE5x6o9q https://t.co/KdkJwsZwzh,0.25,0.167,0,0.833,1/11/18 18:40,".@AmbJohnBolton: ""I'm prepared to argue at great length that Iran is violating the deal... This deal was so badly nâ€_ https://t.co/TpivibkOFV",-0.5982,0.188,0.31,0.502,1/11/18 21:09,"In Christieâ€™s Last Days, Hoboken Waterfront Tussle Drags On. https://t.co/pSGu5m02V2",-0.1779,0,0.159,0.841
75,1/10/18 22:45,"Thursday's Times: ""EU signals fresh hope for banks after #Brexit"" (via @AllieHBNews) #bbcpapersâ€_ https://t.co/N6kdym8nzN",0.6369,0.302,0,0.698,1/11/18 15:45,"The U.S. is being hit with one of the worst flu seasons in years, and experts warn  young children are particularlyâ€_ https://t.co/yzsZsPyAoH",-0.7964,0,0.299,0.701,1/11/18 19:48,RT @CNNPolitics: Mnuchin says the administration will work on a â€œsuper user-friendly formâ€ù that fits the new tax system that people can useâ€_,0,0,0,1,1/11/18 18:39,"Female MS-13 gang member, 18, told teen girl 'don't forget my name' in video confession of brutal killing https://t.co/DP9HQCIgS4",-0.8331,0.064,0.325,0.611,1/11/18 21:08,"Cy Young, Only American to Win Gold in Javelin, Is Dead at 89. https://t.co/XWn4qQDf2K",-0.128,0.189,0.214,0.597
76,1/10/18 22:35,Theresa May aims to eradicate plastic litter by 2042 https://t.co/aybdEJjDga,0,0,0,1,1/11/18 15:30,"North Korea says the popularity of Michael Wolff's ""Fire and Fury"" foretells President Trump's ""political demise""â€_ https://t.co/PGhSEMcmvJ",-0.4588,0.134,0.263,0.603,1/11/18 19:32,"The gender gap for women in Hollywood is glaring, new study shows https://t.co/kbXx6h57CM https://t.co/cPFDvup3bs",0,0,0,1,1/11/18 18:32,".@AlanDersh on FISA: ""@POTUS has personally experienced this potential abuse so I understand his concern."" https://t.co/jOIH4kKOYV",-0.6369,0,0.231,0.769,1/11/18 21:05,"Number of Students Taking the SAT Jumped by More Than Half, City Says. https://t.co/610xDzClDc",0.0772,0.091,0,0.909
77,1/10/18 22:31,"Thursday's Guardian: ""Spend now to rescue NHS, Hunt is urged"" (via @AllieHBNews)  #bbcpapers #tomorrowspaperstoday https://t.co/cyAIKh7XSo",0.5106,0.191,0,0.809,1/11/18 15:22,"WATCH LIVE: House Minority Leader Nancy Pelosi, other lawmakers speak on House floor about FISA surveillance prograâ€_ https://t.co/1I26Kc6O0n",0,0,0,1,1/11/18 19:15,Myanmar military admits role in killing Rohingya found in mass grave https://t.co/SfgMJ2EgyG https://t.co/hs8RjW8bAz,-0.7003,0.115,0.365,0.521,1/11/18 18:23,".@johnthune: ""Most members of Congress, like most Americans, want to see a solution to [DACA] but there are folks wâ€_ https://t.co/JNd8OuuLQR",0.3998,0.216,0,0.784,1/11/18 20:56,Republicansâ€™ â€˜Tough Cycleâ€™ Now Spreads to Senate. https://t.co/3Wu1laI2Ry,0,0,0,1
78,1/10/18 22:30,"Thursday's i: ""War on plastic"" (via @AllieHBNews) #bbcpapers #tomorrowspaperstoday https://t.co/YOfqqDevMN",-0.5994,0,0.302,0.698,1/11/18 15:15,The new U.S. ambassador to the Netherlands clashes with Dutch reporters over controversial comments he made in 2015â€_ https://t.co/gD9CMDyyAR,-0.2023,0,0.091,0.909,1/11/18 19:07,"How director Ava DuVernay is making the entertainment industry more reflective of the world we live in, one distincâ€_ https://t.co/OKjXyHwqXj",0.4215,0.128,0,0.872,1/11/18 18:16,".@FDRLST writer Adam Levine: ""We've become so open-minded right now in our society that our brains have fallen out."" https://t.co/cE1JQuDJGR",-0.3612,0,0.116,0.884,1/11/18 20:54,Melania Trump Hires Policy Director Amid Scrutiny From New Book. https://t.co/nzL3VfwWIh,0,0,0,1
79,1/10/18 22:30,"Thursday's Independent: ""May sets out 25-year plan to save environment..."" (via @AllieHBNews) #bbcpapersâ€_ https://t.co/vlJhwF9TsA",0.4939,0.198,0,0.802,1/11/18 15:00,_Ÿ_¨ TAP WATER WARNING: More than 170 million Americans could be drinking tap water tainted with a radioactive elementâ€_ https://t.co/Ww93JnWahs,-0.4824,0,0.156,0.844,1/11/18 19:00,Protests erupt over rape and murder of 7-year-old girl in Pakistan https://t.co/4MYALTY5N9 https://t.co/OEq1CacJjx,-0.9062,0,0.531,0.469,1/11/18 18:10,Twitter responds to Project Veritas allegation that it can share Trump's direct messages https://t.co/vaQ8YTWRwA (via @christocarbone),0.296,0.128,0,0.872,1/11/18 20:50,Whatâ€™s $27 Billion to Wall Street? An Alarming Drop in Revenue. https://t.co/hVy862MzNg,-0.3818,0,0.265,0.735
80,1/10/18 22:30,"Thursday's Star: ""Pig Sick!"" (via @AllieHBNews) #bbcpapers #tomorrowspaperstoday https://t.co/AOUdf1v2xT",0,0,0,1,1/11/18 14:45,"Buffalo, New York, is home to the world's oldest active fire boat -- and authorities are using it to break up the iâ€_ https://t.co/loHOwyZwtW",0.0772,0.1,0.089,0.812,1/11/18 18:44,"Animal rights groups are upset at the Pope for inviting about 2,000 homeless people and refugees to the circusâ€_ https://t.co/EwPKSMphxn",-0.0772,0.1,0.114,0.786,1/11/18 18:05,'We Have to Be Nice to Each Other': @JaniceDean Stands Up to Facebook Body-Shamer https://t.co/HENQggmoRt,0.4215,0.167,0,0.833,1/11/18 20:49,"Book Entry: Review: Even on the Internet, Whatâ€™s Old Is New Again. https://t.co/tvXakhYtWH",0,0,0,1
81,1/10/18 22:30,"Thursday's Telegraph: ""Greening 'blocked tuition fee cuts'"" (via @AllieHBNews) #bbcpapers #tomorrowspaperstoday https://t.co/NaEGRUe9q6",-0.2732,0,0.16,0.84,1/11/18 14:30,"Why the 25th Amendment won't be used to remove President Trump:https://t.co/CzMjimkYHD https://t.co/iB7vWgthAC",0,0,0,1,1/11/18 18:30,President Trump and Republicans face immigration reckoning https://t.co/Dkm2np0G7n https://t.co/klU7fIMThe,0,0,0,1,1/11/18 18:02,".@McDonalds to eliminate foam drink cups from menu, work toward 'fiber-based packaging' https://t.co/GPThbNfR5Q",0,0,0,1,1/11/18 20:36,"Three Journeys Under the Radar: Trippy, Unsettling and Affectionate. https://t.co/NL1eXocNbn",0.4404,0.244,0,0.756
82,1/10/18 22:20,"Thursday's Express: ""Drug-free way to fight diabetes"" (via @AllieHBNews) #bbcpapers #tomorrowspaperstoday https://t.co/KlJAxEW7ek",-0.3818,0,0.191,0.809,1/11/18 14:15,A new report finds more than 170 million Americans are exposed to radium in their drinking water -- that  could incâ€_ https://t.co/Z4bGOvZoiC,-0.0772,0,0.061,0.939,1/11/18 18:15,China blocks Marriott for listing Tibet and Taiwan as countries https://t.co/oW5CJkNVnl https://t.co/PesPFL3B5u,-0.2263,0,0.147,0.853,1/11/18 18:00,"'Nobody Predicted This': Walmart Sharing Tax Cut Savings Via Pay Boost, $1,000 Bonuses https://t.co/Yh0ixb0Cet",0.765,0.421,0.162,0.417,1/11/18 20:35,Opinion: The Women the Abortion War Leaves Out. https://t.co/nAwUMTIaFq,-0.5994,0,0.328,0.672
83,1/10/18 22:20,"Thursday's FT: ""Hammond seeks to whip up EU enthusiasm for #Brexit trade deal"" (via @AllieHBNews) #bbcpapersâ€_ https://t.co/Sbu3Hw8aQG",0.4404,0.153,0,0.847,1/11/18 14:00,Superintendent Jerome Puyau tearfully spoke to CBS News' @DavidBegnaud about the widely-seen arrest of a teacher inâ€_ https://t.co/GxBE0iP61x,-0.34,0,0.13,0.87,1/11/18 18:00,President Trump targets Foreign Intelligence Surveillance Act provision that's up for renewalâ€_ https://t.co/2JB83dEyU7,0.4767,0.205,0,0.795,1/11/18 17:43,Pest-sniffing dog deployed at Boston museum to protect art from bugs - via @travfed https://t.co/aS4Ta9bRkS,0.3818,0.167,0,0.833,1/11/18 20:34,Profile: How the Astro Poets Lit Up the Internet. https://t.co/BFADU3hGpY,0,0,0,1
84,1/10/18 22:19,"Thursday's Metro: ""Weinstein is attacked in restaurant"" (via @AllieHBNews) #bbcpapers #tomorrowspaperstoday https://t.co/beQ3vd12Vf",-0.4588,0,0.214,0.786,1/11/18 13:50,"In @CBSThisMorning's series, #AMorePerfectUnion, we aim to show that what unites us as Americans is far greater thaâ€_ https://t.co/FHvuUfsVrw",0.3612,0.122,0,0.878,1/11/18 17:45,"""Madam Secretary"" explores 25th Amendment episode https://t.co/z6j03TddUl https://t.co/Fia1xhR2vQ",0,0,0,1,1/11/18 17:40,"Olympic medalist Jelle van Gorkom in coma after 'terrible accident' causes damaged skull, organs (viaâ€_ https://t.co/FyYmeHsxDm",-0.8442,0,0.412,0.588,1/11/18 20:26,"Why I Canâ€™t Quit You, Hoops. https://t.co/Pbg8EcEk0o",0,0,0,1
85,1/10/18 20:58,AA to cut 100 jobs and shut Six Hills training HQ https://t.co/unTARHaDVU,-0.2732,0,0.16,0.84,1/11/18 13:44,The Trump administration says it is offering a path for states that want to seek work requirements on Medicaid reciâ€_ https://t.co/SfDzHrNKJx,0.0772,0.064,0,0.936,1/11/18 17:30,Hundreds arrested after fourth night of unrest in Tunisia https://t.co/wSUssjbsM3 https://t.co/JWEzCzk4gY,-0.4767,0,0.237,0.763,1/11/18 17:20,".@dbongino: ""Get a warrant. You're going to surveil an American citizen anywhere in the world, get a warrant."" https://t.co/qIkWjgpkD6",0,0,0,1,1/11/18 20:25,Street Style: Pitti Uomo. https://t.co/SOUyZ1a16o,0,0,0,1
86,1/10/18 19:14,"It takes two to tango over Brexit, Hammond tells EU https://t.co/biIsiproC5",0,0,0,1,1/11/18 13:40,An AeromÃ©xico plane nearly landed on the wrong runway in the third close call for SFO in six months:â€_ https://t.co/sMqVwuV5dx,-0.4767,0,0.14,0.86,1/11/18 17:23,President Trump's FISA tweet set off a thunderclap of concern in Washington https://t.co/eUYxvYmGQN https://t.co/STdIn6xMh5,0,0,0,1,1/11/18 17:17,"On @foxandfriends, @KellyannePolls said that liberals and Democrats need to move on from the 2016 election.â€_ https://t.co/ZoK1weVJX6",0,0,0,1,1/11/18 20:24,On the Market: Homes for Sale in New York City. https://t.co/oJ2NhVrN55,0,0,0,1
87,1/10/18 18:42,Blue Planet II tops 2017 TV ratings https://t.co/z5hoZTmkVs,0.5106,0.32,0,0.68,1/11/18 13:38,"The #MeToo movement is not only bringing the issue of sexual harassment to light, but also highlighting what role mâ€_ https://t.co/noS8oKfJP9",-0.3071,0,0.101,0.899,1/11/18 17:15,European diplomats urge President Trump to honor Iran nuclear deal https://t.co/RHLJHQaGfQ https://t.co/Hvb29ejeO5,0.4939,0.225,0,0.775,1/11/18 17:15,".@KatiePavlich: ""That's been the big question about what the Obama Administration was doing during the transition pâ€_ https://t.co/yZ5f4uGtyJ",0,0,0,1,1/11/18 20:22,That Recent Brutally Cold Weather? Itâ€™s Getting Rarer.. https://t.co/iEmbf9V6It,-0.6124,0,0.333,0.667
88,1/10/18 18:11,"RT @VictoriaLIVE: Has a ban on the drug Spice made it more dangerous? Watch the full film by @JohnHenryOwen &gt;&gt; https://t.co/OEY6IMrfOjâ€_",-0.7902,0,0.28,0.72,1/11/18 13:33,Hereâ€™s a look at some of this morningâ€™s headlines on @CBSThisMorning: https://t.co/ezTDTXCHva,0,0,0,1,1/11/18 17:07,"North Carolina governor blasts ""technologically diabolical gerrymandering"" https://t.co/qyoyVdz7TY https://t.co/mPK1deTChj",0,0,0,1,1/11/18 17:11,".@dbongino: ""Nobody has pointed out one single predicate crime to point out why @realDonaldTrump's team was being sâ€_ https://t.co/DpzFzW3lft",-0.5423,0,0.163,0.837,1/11/18 20:21,"Trilobites: You Wonâ€™t Like This News About Bedbugs, Ticks and the â€˜Bomb Cycloneâ€™. https://t.co/joy6cvfdId",0.3612,0.161,0,0.839
89,1/10/18 18:08,"How polluted is your street? _Ÿ˜·Find out: https://t.co/MW9r2UMufj https://t.co/68AJfgg8rA",-0.4588,0,0.273,0.727,1/11/18 13:26,Male Golden Globe winners face backlash for not mentioning the #MeToo movement at the awards ceremony. Ahead onâ€_ https://t.co/MWWqcUzrl2,0.7269,0.264,0,0.736,1/11/18 17:00,Trolls can't stop this cover model. How Ashley Graham is redefining beauty standards and shaping the future of fashâ€_ https://t.co/qoAKkGVNf2,0.6896,0.24,0,0.76,1/11/18 17:10,EXCLUSIVE: Inside Iraq's biggest potential weapon of mass destruction: Mosul Dam (via @holliesmckay)  https://t.co/r92YipL77Q,-0.5672,0.117,0.308,0.575,1/11/18 20:20,Letter: Asking About Citizenship. https://t.co/EDxP66knYH,0,0,0,1
90,1/10/18 18:00,RT @BBCPolitics: Tim Farron: I regret 'gay sex no sin' statement https://t.co/3GMUr2Ncrm,-0.8225,0,0.518,0.482,1/11/18 13:21,Youtube says Logan Paul's channels are being removed from its Google Preferred platform and it also cutting Paul frâ€_ https://t.co/i2EdY8BjJH,-0.128,0,0.073,0.927,1/11/18 16:45,President Trump appointee may give McDonald's a break in landmark labor case https://t.co/JWa5WpiFIa https://t.co/vPAzBwAVnn,0.0772,0.098,0,0.902,1/11/18 17:03,".@SpeakerRyan: ""We want to fix DACA. We do want to fix DACA."" https://t.co/JcFf06pv3R",0.1531,0.191,0,0.809,1/11/18 20:19,"U.S. Bombs Afghan Militia Behind Insider Attack, Officials Say. https://t.co/LkTk0WxRP2",-0.4767,0,0.256,0.744
91,1/10/18 17:58,Bigamist spotted on Ant and Dec TV show with 'second wife' is jailed https://t.co/XKGaREqVlb,-0.4939,0,0.198,0.802,1/11/18 13:20,"Commentary: Mitt Romney's valuehttps://t.co/vTfNzvuoog https://t.co/6UXHgzpNAJ",0.34,0.324,0,0.676,1/11/18 16:30,The Indian government has announced new security measures following reports of an alleged security breach in the coâ€_ https://t.co/dp94VJlqvZ,0.5859,0.22,0,0.78,1/11/18 17:03,".@SpeakerRyan: ""It's well known that [@POTUS] has concerns about the domestic FISA law. That's not what we were doiâ€_ https://t.co/c0ZqSnemvq",0.2732,0.1,0,0.9,1/11/18 20:03,Womenâ€™s Accusations Follow James Franco After Golden Globes. https://t.co/KhcBOPb3LU,-0.3182,0,0.223,0.777
92,1/10/18 17:49,RT @bbckamal: Marked change of tone from @PhilipHammondUK on #Brexit https://t.co/h5NyLUzyKR My Economics Blog,0,0,0,1,1/11/18 13:15,AHEAD on @CBSThisMorning: @issielapowsky joins the table to discuss whether YouTubeâ€™s policies go far enough to preâ€_ https://t.co/UzuDexxSbz,0,0,0,1,1/11/18 16:15,Iran's protests might stop President Trump from scrapping nuclear deal https://t.co/B0Yb7boPGC https://t.co/wplpyQiACc,-0.4767,0,0.291,0.709,1/11/18 17:01,".@SpeakerRyan: ""Less than half of the @USNavy's planes can fly. Less than 10% of our @USArmy's combat brigade teamsâ€_ https://t.co/Ie4rASohY9",-0.34,0,0.112,0.888,1/11/18 20:02,"Review: In â€˜Humor Me,â€™ a Dose of Borscht Belt for a Midlife Crisis. https://t.co/vRLOAnuLNK",-0.6249,0,0.272,0.728
93,1/10/18 17:46,"RT @BBCNewsbeat: YouTube says it is 'upset' over Logan Paul's controversial video that featured a dead body and other YouTubers agreehttpsâ€_",-0.5574,0.094,0.229,0.677,1/11/18 13:15,"Tennis star Serena Williams is on the cover of next month'sâ€™ Vogue magazine with her daughter Alexis Olympia, and sâ€_ https://t.co/XpAyREV2LY",0,0,0,1,1/11/18 16:00,China is America's biggest foreign creditor. Could it turn off the tap? https://t.co/GX2dQNGOda https://t.co/BSTMv7lcWo,-0.0258,0,0.078,0.922,1/11/18 16:56,".@Jim_Jordan: ""I voted against reauthorizing [FISA]."" https://t.co/5BljsCp7v8",0,0,0,1,1/11/18 19:49,"Pressed on False Claims About Muslims, U.S. Ambassador Goes Silent. https://t.co/nVMPLcNmMk",0,0,0,1
94,1/10/18 17:37,RT @BBCRealityCheck: Is the army right to say that there are fewer young white men? https://t.co/ivuXATc7vl https://t.co/xDRhzqsibM,0,0,0,1,1/11/18 13:14,A White House ban on personal cell phones is set to take effect next Tuesday. CBS News has confirmed details of a mâ€_ https://t.co/hK0U1aDJiW,-0.5574,0,0.146,0.854,1/11/18 15:45,President Trump brings up Hillary Clinton once again https://t.co/QmdNC3cWlb https://t.co/RrpZsvXpfH,0,0,0,1,1/11/18 16:53,"House votes to renew FISA program, following mixed messages from Trump https://t.co/GdRWDZxtCh https://t.co/SVT00VyEOk",0,0,0,1,1/11/18 19:39,Treasury Inspector General Finds No Political Meddling in Tax Analysis. https://t.co/2VfTBFAglo,-0.1027,0.138,0.169,0.692
95,1/10/18 17:35,John Worboys' victims ask for London-wide exclusion https://t.co/4EOj05PV33,-0.5423,0,0.429,0.571,1/11/18 13:07,"Nearly 700,000 immigrants are protected by DACA, and many of them are training for high-level professional careers.â€_ https://t.co/Zzol9YhSrj",0.4404,0.146,0,0.854,1/11/18 15:30,Is your employer withholding too little or too much in taxes from your paycheck? It's an important question.â€_ https://t.co/1oBmmKbIp1,0.2023,0.091,0,0.909,1/11/18 16:47,BREAKING NEWS: House votes to reauthorize FISA. https://t.co/1J8o8nGbRM,0,0,0,1,1/11/18 19:35,Jordan Peele and Greta Gerwig Get Directors Guild Nominations. https://t.co/Ghljc1y7M3,0,0,0,1
96,1/10/18 17:31,RT @BBCBusiness: Marks &amp; Spencer to stop selling 'cauliflower steak' https://t.co/Q0BB9KSF6t,-0.296,0,0.18,0.82,1/11/18 13:05,"At least 17 people were killed when a storm slammed Southern California, triggering mudslides. 17 others remain misâ€_ https://t.co/4LD9dxkmt2",-0.6705,0,0.209,0.791,1/11/18 15:15,"California mudslide survivors recall when the ""mud came in an instant"" https://t.co/BSMtF4rQnL https://t.co/IAfOQBTzqs",0,0,0,1,1/11/18 16:40,Feinstein blames 'bad cold' for handling of Fusion GPS transcript https://t.co/upVn3DtK3e,-0.7351,0,0.408,0.592,1/11/18 19:34,"Asia and Australia Edition: North Korea, California, Ecuador: Your Friday Briefing. https://t.co/3Om1cHq6Ln",0,0,0,1
97,1/10/18 17:07,RT @BBCBusiness: Unwelcome extra https://t.co/JxKDoNuVaD,-0.4019,0,0.403,0.597,1/11/18 13:00,WATCH: Dogs in Southern California are being airlifted out of their homes after devastating mudslides engulfed neigâ€_ https://t.co/RcuaJk1k0O,-0.6486,0,0.202,0.798,1/11/18 15:00,"2017 was a defining year for American women. From the Womenâ€™s March on Washington to the #MeToo moment, a movementâ€_ https://t.co/ZExQRyLll7",0,0,0,1,1/11/18 16:38,".@SenSchumer: ""No, Mr. President. You campaigned on a wall that Mexico would pay for. We're waiting... @POTUS is fiâ€_ https://t.co/tGimCxku87",-0.1027,0,0.072,0.928,1/11/18 19:22,Could Britain Have a Second Referendum on â€˜Brexitâ€™?. https://t.co/mJp1j0u7lg,0,0,0,1
98,1/10/18 16:48,University bosses face curbs under fair-pay rules https://t.co/wl57QflPDA,0,0,0,1,1/11/18 12:49,"COMING UP on @CBSThisMorning: Logan Paul, one of YouTubeâ€™s biggest stars, face serious consequences for a very distâ€_ https://t.co/Pcpbnh0Llg",-0.0772,0,0.071,0.929,1/11/18 14:45,Missouri Gov. Eric Greitens admits to affair but denies blackmail allegation https://t.co/6Xujm3glIt https://t.co/h8ps07onXB,-0.4767,0.098,0.227,0.675,1/11/18 16:36,"Dramatic high-speed chase ends with a hug, a kiss and two arrests https://t.co/xebqEKyFva",0.4588,0.351,0.173,0.476,1/11/18 19:21,She Left France to Fight in Syria. Now She Wants to Return. But Can She?. https://t.co/emV3vD363W,-0.3818,0,0.148,0.852
99,1/10/18 16:48,Devil mask thieves lock priest in Reddish church before stealing cash https://t.co/J3uGAsSXnH,-0.9081,0,0.559,0.441,1/11/18 12:46,"A Louisiana school superintendent is speaking out about the controversial arrest of one of his teachers, who was taâ€_ https://t.co/m42b9O1LwB",-0.4939,0,0.198,0.802,1/11/18 14:30,"Walmart says itâ€™s raising its minimum wage to $11 from $10 and is handing out up to $1,000 bonuses because of the nâ€_ https://t.co/oCsIYcB0jA",0.5574,0.135,0,0.865,1/11/18 16:28,".@PastorDScott: ""There's a huge urban initiative that @POTUS and this administration are spearheading."" https://t.co/EuLQyHGR9R",0.3182,0.161,0,0.839,1/11/18 19:20,"Once an ISIS Recruiter, She Now Wants Out. https://t.co/NbHqHGcG7P",0,0,0,1